epoch,lr,train_loss,train_acc,train_precision,train_recall,train_f1,val_loss,val_acc,val_precision,val_recall,val_f1
1,0.000500,96.6249,0.9408,0.8300,0.9386,0.8810,18.6285,0.9549,0.8531,0.9760,0.9104
2,0.000498,84.3999,0.9436,0.8241,0.9644,0.8887,17.8987,0.9473,0.8256,0.9829,0.8974
3,0.000496,84.6055,0.9452,0.8317,0.9591,0.8909,27.0284,0.9509,0.8861,0.9075,0.8967
4,0.000492,83.1790,0.9465,0.8354,0.9603,0.8935,22.5873,0.9563,0.8994,0.9163,0.9078
5,0.000488,85.2718,0.9483,0.8434,0.9563,0.8963,17.0195,0.9523,0.8452,0.9756,0.9057
6,0.000482,79.9011,0.9498,0.8465,0.9591,0.8993,25.7686,0.9543,0.8959,0.9110,0.9034
7,0.000476,89.4023,0.9482,0.8402,0.9605,0.8963,21.1703,0.9460,0.8406,0.9499,0.8919
8,0.000469,75.4990,0.9542,0.8603,0.9598,0.9073,25.7222,0.9494,0.9270,0.8514,0.8876
9,0.000461,72.1135,0.9567,0.8679,0.9606,0.9119,31.9567,0.9487,0.9252,0.8502,0.8861
10,0.000452,76.6575,0.9536,0.8633,0.9520,0.9055,17.5431,0.9552,0.8731,0.9466,0.9084
11,0.000443,76.7936,0.9539,0.8597,0.9589,0.9066,30.6295,0.9611,0.9245,0.9086,0.9165
12,0.000432,78.2485,0.9533,0.8582,0.9589,0.9057,18.6487,0.9510,0.8577,0.9484,0.9008
13,0.000421,78.7351,0.9530,0.8567,0.9593,0.9051,16.9457,0.9683,0.9119,0.9573,0.9341
14,0.000409,74.0860,0.9566,0.8634,0.9670,0.9123,16.7304,0.9623,0.8855,0.9639,0.9231
15,0.000397,80.9587,0.9557,0.8655,0.9589,0.9098,18.2220,0.9606,0.9016,0.9342,0.9176
16,0.000384,69.4908,0.9561,0.8636,0.9641,0.9111,18.2250,0.9615,0.8872,0.9580,0.9212
17,0.000370,73.8409,0.9589,0.8715,0.9663,0.9165,26.1578,0.9495,0.8707,0.9215,0.8954
18,0.000356,72.0586,0.9568,0.8677,0.9613,0.9121,19.2378,0.9639,0.8905,0.9646,0.9261
19,0.000342,70.9108,0.9589,0.8777,0.9572,0.9157,19.3630,0.9609,0.8855,0.9573,0.9200
20,0.000327,62.7464,0.9591,0.8644,0.9780,0.9177,15.7650,0.9623,0.8758,0.9781,0.9241
21,0.000312,65.8877,0.9617,0.8770,0.9723,0.9222,24.3113,0.9643,0.9136,0.9364,0.9248
22,0.000297,69.8457,0.9626,0.8836,0.9673,0.9235,16.7740,0.9616,0.8969,0.9451,0.9204
23,0.000281,64.5129,0.9633,0.8832,0.9713,0.9251,23.1750,0.9631,0.9133,0.9314,0.9222
24,0.000266,60.3085,0.9645,0.8864,0.9726,0.9275,15.2374,0.9671,0.8933,0.9762,0.9329
25,0.000250,57.8698,0.9639,0.8825,0.9753,0.9265,17.0925,0.9698,0.9167,0.9583,0.9371
26,0.000234,62.3629,0.9631,0.8789,0.9769,0.9253,15.6612,0.9691,0.9127,0.9599,0.9357
27,0.000219,61.9903,0.9638,0.8845,0.9717,0.9261,14.9865,0.9690,0.8992,0.9774,0.9367
28,0.000203,54.8445,0.9648,0.8826,0.9795,0.9285,16.3918,0.9665,0.8923,0.9750,0.9318
29,0.000188,55.2763,0.9661,0.8898,0.9755,0.9307,18.9025,0.9707,0.9248,0.9524,0.9384
30,0.000173,56.7821,0.9660,0.8880,0.9776,0.9307,31.2679,0.9650,0.9228,0.9286,0.9257
31,0.000158,55.9908,0.9666,0.8914,0.9759,0.9317,17.0934,0.9701,0.9162,0.9603,0.9377
32,0.000144,53.7649,0.9683,0.8936,0.9806,0.9351,17.0718,0.9699,0.9078,0.9702,0.9379
33,0.000130,51.2732,0.9679,0.8921,0.9810,0.9345,18.9877,0.9692,0.9134,0.9598,0.9361
34,0.000116,52.9055,0.9689,0.8976,0.9787,0.9364,18.5274,0.9709,0.9218,0.9570,0.9391
35,0.000103,51.4765,0.9686,0.8978,0.9768,0.9357,17.0755,0.9698,0.9080,0.9695,0.9377
36,0.000091,51.0729,0.9687,0.8951,0.9806,0.9359,21.3498,0.9652,0.9050,0.9518,0.9278
37,0.000079,48.0558,0.9696,0.8951,0.9851,0.9379,18.2476,0.9699,0.9081,0.9699,0.9379
38,0.000068,45.9055,0.9700,0.8946,0.9879,0.9389,19.3469,0.9703,0.9154,0.9625,0.9384
39,0.000057,47.2082,0.9717,0.9050,0.9816,0.9417,18.4852,0.9702,0.9142,0.9634,0.9381
40,0.000048,46.8145,0.9705,0.8990,0.9843,0.9397,17.4775,0.9707,0.9133,0.9670,0.9394
41,0.000039,46.2016,0.9705,0.9030,0.9791,0.9395,19.5073,0.9679,0.9177,0.9482,0.9327
42,0.000031,46.3092,0.9716,0.9029,0.9842,0.9418,18.6479,0.9696,0.9165,0.9576,0.9366
43,0.000024,46.6840,0.9715,0.9010,0.9863,0.9417,18.6138,0.9697,0.9162,0.9585,0.9369
44,0.000018,44.0553,0.9722,0.9058,0.9832,0.9429,18.1330,0.9698,0.9102,0.9669,0.9377
45,0.000012,45.3900,0.9725,0.9053,0.9853,0.9436,18.1903,0.9700,0.9125,0.9644,0.9377
46,0.000008,43.6858,0.9730,0.9078,0.9845,0.9446,18.2390,0.9700,0.9132,0.9637,0.9378
47,0.000004,43.7121,0.9723,0.9071,0.9822,0.9431,18.1770,0.9700,0.9125,0.9649,0.9379
48,0.000002,41.2967,0.9735,0.9090,0.9851,0.9455,18.3861,0.9694,0.9123,0.9621,0.9365
49,0.000000,42.7706,0.9728,0.9071,0.9841,0.9440,18.3461,0.9693,0.9121,0.9620,0.9364
50,0.000000,43.1492,0.9721,0.9054,0.9834,0.9428,18.3513,0.9694,0.9123,0.9620,0.9365
